{
  "shape": {
    "obs": [
      141,
      39
    ],
    "acts": [
      141,
      7
    ]
  },
  "mean": [
    0.039389591002178016,
    0.48482783589275646,
    -0.045249117154819524,
    -1.769727595081348,
    0.6452963185898226,
    1.2697152666114406,
    -0.42263445231741614,
    -0.5886390214276384,
    -0.07284695176207699,
    0.22214357777143262,
    -0.003587650929176203,
    0.25590251561972976,
    0.1899009588275984,
    -0.0843692484812139,
    -0.01692973057452359,
    0.004916445189494982,
    -0.015109800494103362,
    -0.0028102411865159323,
    -0.005817466956052575,
    -0.002067765108948582,
    0.9998653422796147,
    0.417337811191219,
    0.2628920812598033,
    0.203616379538262,
    0.0829110612824432,
    0.07823194601873625,
    0.04601568236897552,
    0.43167999378713884,
    -0.11754311343460465,
    0.12343243023390567,
    0.11085547872499292,
    0.0974112667964246,
    0.10806240495552069,
    0.421561027317896,
    -0.2977903719049061,
    0.33143727039968923,
    0.06982231274524557,
    0.053588050730984375,
    0.08023511297700127
  ],
  "std": [
    1.1815779217119164,
    1.1009139985943377,
    1.3547255141004324,
    0.5665145423232075,
    0.8824461688721692,
    0.34391010209285466,
    0.3201203036822263,
    0.45365616874245124,
    0.3208858241284927,
    0.3467118505141198,
    0.43116813545034083,
    0.5495275955510194,
    0.30774165228664013,
    0.27755901034525293,
    0.03999037764809228,
    0.010792518104582892,
    0.03808689152931464,
    0.006270479483582354,
    0.012720415252917432,
    0.0046936892137800544,
    0.00035026078313369334,
    0.017934329662236004,
    0.05826221815160078,
    0.14051496617762735,
    0.002971355169808176,
    0.01535921769633337,
    0.0038554708847101894,
    0.12086637167025548,
    0.24483892154614756,
    0.14150306312826752,
    0.008475557234911672,
    0.0332615176636804,
    0.005684529915984923,
    0.11610784521823558,
    0.040357740523529646,
    0.1326191581897448,
    0.009036400022986932,
    0.006412779871512073,
    0.0010410690861374966
  ],
  "config": {
    "dt": 0.05,
    "episodes": 500,
    "ws_aabb": {
      "x": [
        0.2,
        0.7
      ],
      "y": [
        -0.4,
        0.4
      ],
      "z": [
        0.0,
        0.6
      ]
    },
    "box_edge_range": [
      0.04,
      0.12
    ],
    "action_space": "joint_delta",
    "obs_spec": {
      "q": 7,
      "qdot": 7,
      "ee_err": 7,
      "obstacles": 18
    },
    "joint_names": [
      "panda_joint1",
      "panda_joint2",
      "panda_joint3",
      "panda_joint4",
      "panda_joint5",
      "panda_joint6",
      "panda_joint7"
    ],
    "base_link": "panda_link0",
    "eef_link": "panda_link8"
  }
}