{
  "shape": {
    "obs": [
      376,
      39
    ],
    "acts": [
      376,
      7
    ]
  },
  "mean": [
    0.5084481215960793,
    0.3325598112471824,
    -0.35152278793442765,
    -1.9556094241939048,
    1.0089207452955422,
    0.8449688318089569,
    -0.5926142080171253,
    -0.17237134723730396,
    0.25037766115620397,
    0.055176410101774896,
    0.08567339542971421,
    -0.3081057691253584,
    -0.10639300097430794,
    0.31789183029376405,
    0.09835088270316514,
    -0.11697553980144872,
    -0.09752252649887369,
    0.07190105615595707,
    0.06893205669576391,
    -0.035939041481559623,
    0.8810329768466754,
    0.5452478750764124,
    0.17427811436992635,
    0.32244692801951064,
    0.07310696714298713,
    0.07345376095730492,
    0.08711093749862908,
    0.49194074869427024,
    0.19385601506059832,
    0.25188380465451526,
    0.08302484525659883,
    0.0679494835357181,
    0.08624734331237098,
    0.441752445510362,
    -0.23666624437840023,
    0.29434188947647555,
    0.07387952188307598,
    0.07319403089129627,
    0.08355004402409058
  ],
  "std": [
    0.7026280364633088,
    1.0277254012304518,
    0.9510576382901479,
    0.4495717223113345,
    1.4806216401923311,
    0.3970366624718256,
    0.9307325157314976,
    0.5061917160699999,
    0.49321449474244483,
    0.5034866300736672,
    0.2715815786556453,
    0.7564614346162862,
    0.45001100201272765,
    0.5145389984259229,
    0.19325961149219215,
    0.2601336502905178,
    0.21051831034456048,
    0.17017689790332882,
    0.1479372056545137,
    0.3427500845539263,
    0.21034418183261694,
    0.10607168177896717,
    0.2134664783624388,
    0.19677225018345798,
    0.017442529771174883,
    0.026962979205751386,
    0.028129499588030786,
    0.12288404010313576,
    0.2212065329344036,
    0.23109406963408324,
    0.025955380125421916,
    0.024725126656664865,
    0.022830233767369066,
    0.13585391424400975,
    0.09841786486049184,
    0.20376919442569763,
    0.012541372196994274,
    0.026907922804991692,
    0.015311957034958232
  ],
  "config": {
    "dt": 0.05,
    "episodes": 500,
    "ws_aabb": {
      "x": [
        0.2,
        0.7
      ],
      "y": [
        -0.4,
        0.4
      ],
      "z": [
        0.0,
        0.6
      ]
    },
    "box_edge_range": [
      0.04,
      0.12
    ],
    "action_space": "joint_delta",
    "obs_spec": {
      "q": 7,
      "qdot": 7,
      "ee_err": 7,
      "obstacles": 18
    },
    "joint_names": [
      "panda_joint1",
      "panda_joint2",
      "panda_joint3",
      "panda_joint4",
      "panda_joint5",
      "panda_joint6",
      "panda_joint7"
    ],
    "base_link": "panda_link0",
    "eef_link": "panda_link8"
  }
}