{
  "shape": {
    "obs": [
      1385,
      39
    ],
    "acts": [
      1385,
      7
    ]
  },
  "mean": [
    0.05188241378956549,
    0.009929669322565247,
    -0.09633041998334485,
    -1.8785605057881138,
    0.20368975926920768,
    0.9390930911458342,
    -0.10693117910455775,
    -0.054060151843701686,
    0.10641661468701921,
    -0.05242434072254964,
    0.01078286106968727,
    -0.07738750019993226,
    -0.06223176245991037,
    0.13724002202070784,
    0.09119363624879127,
    -0.0007102123142941338,
    -0.0908584653646277,
    0.02131265106668262,
    0.015580944196079966,
    -0.0005886564037761624,
    0.7444715374934028,
    0.5399778315734209,
    0.12466028336820782,
    0.31594451106019866,
    0.07886582460296512,
    0.08202014146978814,
    0.08838680917360472,
    0.5031071502121183,
    0.0015953198089187388,
    0.19716968493865833,
    0.08406202532169477,
    0.08252411420455444,
    0.08006254450796729,
    0.44470695078111017,
    -0.07904117087892082,
    0.2754512708551453,
    0.08462548182987435,
    0.08653466260081748,
    0.07985660307067206
  ],
  "std": [
    1.1794506050548346,
    0.9994582229023012,
    1.4505815350910816,
    0.40837256010239104,
    1.5267732339679527,
    0.44152007342453503,
    0.7685352126966085,
    0.6818196968555885,
    0.5187622833457638,
    0.652346503350716,
    0.2524075523800676,
    0.7450217629093377,
    0.2658864091456086,
    0.40839929421698135,
    0.23305168737556678,
    0.23071766457617224,
    0.24318248060589295,
    0.4221031526757833,
    0.2543874497191497,
    0.3281698091245576,
    0.3073846429703635,
    0.11940994050938805,
    0.2577566750745472,
    0.16387431964522614,
    0.019905442869493802,
    0.02360232294600085,
    0.02535120153496819,
    0.15669951943232568,
    0.24419787949968527,
    0.1836610057102039,
    0.02392972120070392,
    0.024953625704412234,
    0.03020655128147789,
    0.13917768104358544,
    0.19958860216548993,
    0.17192585214682393,
    0.020795457936579595,
    0.024889789564549097,
    0.02144562068479928
  ],
  "config": {
    "dt": 0.05,
    "episodes": 300,
    "ws_aabb": {
      "x": [
        0.2,
        0.7
      ],
      "y": [
        -0.4,
        0.4
      ],
      "z": [
        0.0,
        0.6
      ]
    },
    "box_edge_range": [
      0.04,
      0.12
    ],
    "action_space": "joint_delta",
    "obs_spec": {
      "q": 7,
      "qdot": 7,
      "ee_err": 7,
      "obstacles": 18
    },
    "joint_names": [
      "panda_joint1",
      "panda_joint2",
      "panda_joint3",
      "panda_joint4",
      "panda_joint5",
      "panda_joint6",
      "panda_joint7"
    ],
    "base_link": "panda_link0",
    "eef_link": "panda_link8"
  }
}