{
  "shape": {
    "obs": [
      1464,
      39
    ],
    "acts": [
      1464,
      7
    ]
  },
  "mean": [
    0.15319458211223005,
    -0.13109709152536259,
    0.05680500995600546,
    -1.938734924413817,
    0.2608171716309241,
    0.9713918026892149,
    0.06720314053534876,
    -0.050711553959015325,
    0.1872069675520984,
    0.00948088501830194,
    0.0260322545458329,
    -0.02168768213444925,
    0.05434782582195747,
    0.05400415344777645,
    0.10589934397593018,
    -0.1081106902475112,
    -0.10717116865670744,
    0.030225100243363154,
    0.0768138048244023,
    -0.008906846763629713,
    0.734078518829301,
    0.46243110223386225,
    0.11369987347891049,
    0.2534634628249199,
    0.08497320087581194,
    0.07764441205362661,
    0.07526004102798473,
    0.4416302556946954,
    -0.018682984317882435,
    0.2592077488234665,
    0.0755701050922657,
    0.07862472197818024,
    0.0811362218602047,
    0.40615925731373687,
    0.07163541257915403,
    0.366025667252705,
    0.08380343380944877,
    0.08386728789203993,
    0.07515816391046642
  ],
  "std": [
    1.2627623678955366,
    1.0780224961127982,
    1.461203432453665,
    0.3874793338974037,
    1.4291520822504973,
    0.5031962278274915,
    0.6630851507109461,
    0.6424913765915414,
    0.43981524116111154,
    0.7327305993279715,
    0.21617888416351114,
    0.8669061516469286,
    0.32560433892310164,
    0.36485570564356423,
    0.24869140580418064,
    0.34363668315753315,
    0.2391062096458893,
    0.43312962576697245,
    0.263774970742551,
    0.3128622363906893,
    0.3149193422308823,
    0.1537918436847825,
    0.20284220590452068,
    0.18807739782141958,
    0.019633933055524102,
    0.02186210457515228,
    0.027438121281596135,
    0.1225144880733724,
    0.25319456594164774,
    0.19369133266579078,
    0.021495241014299303,
    0.025447836613010626,
    0.021125146984011547,
    0.13707826051336516,
    0.24950828644558057,
    0.17762354795278756,
    0.02544652596249036,
    0.02020875918546673,
    0.0183418651276252
  ],
  "config": {
    "dt": 0.05,
    "episodes": 300,
    "ws_aabb": {
      "x": [
        0.2,
        0.7
      ],
      "y": [
        -0.4,
        0.4
      ],
      "z": [
        0.0,
        0.6
      ]
    },
    "box_edge_range": [
      0.04,
      0.12
    ],
    "action_space": "joint_delta",
    "obs_spec": {
      "q": 7,
      "qdot": 7,
      "ee_err": 7,
      "obstacles": 18
    },
    "joint_names": [
      "panda_joint1",
      "panda_joint2",
      "panda_joint3",
      "panda_joint4",
      "panda_joint5",
      "panda_joint6",
      "panda_joint7"
    ],
    "base_link": "panda_link0",
    "eef_link": "panda_link8"
  }
}