{
  "shape": {
    "obs": [
      118,
      39
    ],
    "acts": [
      118,
      7
    ]
  },
  "mean": [
    -0.01857169587727917,
    -0.42175500122955323,
    0.40436478767161316,
    -1.7096742792439683,
    0.9029428702812308,
    0.9797773256598851,
    -0.19739333831763736,
    0.06546599069644267,
    0.45022139991760146,
    -0.3564052012162777,
    0.2046442724092919,
    0.3794919686933562,
    0.09640513939841983,
    -0.10621947617101586,
    0.1999186397021389,
    -0.07419826900322263,
    -0.18879609659695218,
    -0.0459750730152822,
    0.0670124608082126,
    -0.03965887455854498,
    0.8354325549829402,
    0.44636236027185583,
    -0.06000243908654532,
    0.5370515120133126,
    0.09758381193731563,
    0.09550651116140295,
    0.093052754330223,
    0.4143177624318704,
    0.32352766393589844,
    0.1495380411900212,
    0.06852426931146048,
    0.043000024875049586,
    0.08219553987919871,
    0.46391202616298294,
    -0.19772326326249626,
    0.37553523065069017,
    0.06419185513678505,
    0.06305942933842762,
    0.08296567505505831
  ],
  "std": [
    0.820181487402159,
    1.206685444825998,
    1.7858665802785798,
    0.6852872509923853,
    0.9918669218606323,
    0.15382347558940454,
    0.2731532782783772,
    0.3519475645517768,
    0.7236528283027851,
    0.22900527178449226,
    0.24967675845773682,
    0.6909344054696136,
    0.18158490055899817,
    0.16213147954926113,
    0.2691248554398762,
    0.1085812476264495,
    0.22987962479548227,
    0.3522808094549718,
    0.2779519798853292,
    0.14334594427304148,
    0.26826872894383136,
    0.03993827038093192,
    0.28425011823575674,
    0.06613662456901648,
    0.006549873546059334,
    0.02907899767458398,
    0.027421899590040693,
    0.12522107167082044,
    0.02067243561079598,
    0.1426955031215519,
    0.01900629233600758,
    0.0009146212945892466,
    0.023923672844105577,
    0.10294014088915371,
    0.021901627339705847,
    0.1800769745832096,
    0.006433869281167082,
    0.0008650702776451194,
    0.0006658330582923512
  ],
  "config": {
    "dt": 0.05,
    "episodes": 300,
    "ws_aabb": {
      "x": [
        0.2,
        0.7
      ],
      "y": [
        -0.4,
        0.4
      ],
      "z": [
        0.0,
        0.6
      ]
    },
    "box_edge_range": [
      0.04,
      0.12
    ],
    "action_space": "joint_delta",
    "obs_spec": {
      "q": 7,
      "qdot": 7,
      "ee_err": 7,
      "obstacles": 18
    },
    "joint_names": [
      "panda_joint1",
      "panda_joint2",
      "panda_joint3",
      "panda_joint4",
      "panda_joint5",
      "panda_joint6",
      "panda_joint7"
    ],
    "base_link": "panda_link0",
    "eef_link": "panda_link8"
  }
}