{
  "shape": {
    "obs": [
      73,
      39
    ],
    "acts": [
      73,
      7
    ]
  },
  "mean": [
    -1.4352570108414329,
    -0.24433574353142004,
    -0.7101478682582422,
    -2.0184491967546987,
    2.15650223394296,
    0.9223114307782068,
    1.731127600056412,
    0.43909146598704857,
    -0.8253233953284305,
    -0.40780826459800373,
    -0.11386012771643414,
    -0.36559924544534567,
    0.4630910765747882,
    -0.09276681512999481,
    -0.08349592497500133,
    0.04352365690542678,
    -0.017607074687688472,
    0.022955348470392333,
    -0.17762872633518315,
    -0.007188876664729501,
    0.9701571229223235,
    0.3250445687079637,
    -0.3765778478211779,
    0.040136042355621626,
    0.08373682234746223,
    0.054788356442042274,
    0.1175667702211649,
    0.5502656467222301,
    0.8789978831283778,
    0.7896547008552963,
    0.08783199830488693,
    0.11374993880184919,
    0.04707940016415349,
    -0.6080342751617092,
    -0.909545422178923,
    -0.3493393384734711,
    0.07109418317515849,
    0.06170792254191158,
    0.10629900073215448
  ],
  "std": [
    0.5692843430768921,
    1.070036025135123,
    0.5287255116451061,
    0.14762024095365392,
    0.47400130131178647,
    0.600399961588926,
    0.12027265274195124,
    0.21881409502508417,
    0.41128649914855553,
    0.20322462009406106,
    0.05674034395022128,
    0.18219044147019825,
    0.23077391086870525,
    0.04622883447620416,
    0.07276646019999436,
    0.10459737402379206,
    0.2234686796229787,
    0.036430620472553264,
    0.14008552126135232,
    0.0692196471081834,
    0.03036546610313656,
    1e-06,
    1e-06,
    1e-06,
    1e-06,
    1e-06,
    1e-06,
    1e-06,
    1e-06,
    1e-06,
    1e-06,
    1e-06,
    1e-06,
    1e-06,
    1e-06,
    1e-06,
    1e-06,
    1e-06,
    1e-06
  ],
  "config": {
    "dt": 0.05,
    "episodes": 500,
    "ws_aabb": {
      "x": [
        -1,
        1
      ],
      "y": [
        -1,
        1
      ],
      "z": [
        -1,
        1
      ]
    },
    "box_edge_range": [
      0.04,
      0.12
    ],
    "action_space": "joint_delta",
    "obs_spec": {
      "q": 7,
      "qdot": 7,
      "ee_err": 7,
      "obstacles": 18
    },
    "joint_names": [
      "panda_joint1",
      "panda_joint2",
      "panda_joint3",
      "panda_joint4",
      "panda_joint5",
      "panda_joint6",
      "panda_joint7"
    ],
    "base_link": "panda_link0",
    "eef_link": "panda_link8"
  }
}