{
  "shape": {
    "obs": [
      2000,
      39
    ],
    "acts": [
      2000,
      7
    ]
  },
  "mean": [
    0.17047756330470115,
    0.17028058942361016,
    -0.23118117179436412,
    -1.867234921113447,
    0.17989008492580943,
    1.021688742078353,
    -0.3255759668657565,
    0.04357427902145058,
    0.05380594607024361,
    -0.06172726866279977,
    0.031780240695831324,
    -0.15160286045239021,
    0.002286980430897008,
    0.10894067811876558,
    0.06360760095352193,
    0.06346258308039086,
    -0.07498588853095017,
    0.04293103543671485,
    0.03066945148246045,
    0.0061625810568706465,
    0.7824840380772445,
    0.46413689692460464,
    0.10156410282354773,
    0.29743286457506085,
    0.07471417007300109,
    0.0767355651955647,
    0.08362583945009827,
    0.47717119090833277,
    -0.006675417879897755,
    0.3151722278347976,
    0.08608709168863891,
    0.07298240150762497,
    0.07762159155025997,
    0.4694388282324575,
    -0.1264978851998522,
    0.24911945362359653,
    0.08463007748635872,
    0.09029330916937033,
    0.07920560837333591
  ],
  "std": [
    1.2706755167893578,
    1.1072002117596413,
    1.360327024397161,
    0.3995641909093648,
    1.5786848365586839,
    0.4787601569288902,
    0.7696799713257109,
    0.5888070721775488,
    0.49048244166832494,
    0.6384992629307864,
    0.2354462457640286,
    0.7648044872669351,
    0.2976825154107754,
    0.424333411063884,
    0.15140257580706976,
    0.22770287600259392,
    0.26362228522748793,
    0.41007507509914704,
    0.2294899556089559,
    0.29064860068280784,
    0.2821227528387205,
    0.1625895934064172,
    0.2569288733706603,
    0.1606128115904275,
    0.019708949712121403,
    0.02426644377027,
    0.02348906191354727,
    0.13350077728050147,
    0.22209577825816224,
    0.19301770837141402,
    0.023502663278978323,
    0.023204078881522542,
    0.02868157497644736,
    0.1317069637621569,
    0.19769184033545395,
    0.15864972683068718,
    0.02084107144623393,
    0.02382583386708196,
    0.019798445933268658
  ],
  "config": {
    "dt": 0.05,
    "episodes": 500,
    "ws_aabb": {
      "x": [
        0.2,
        0.7
      ],
      "y": [
        -0.4,
        0.4
      ],
      "z": [
        0.0,
        0.6
      ]
    },
    "box_edge_range": [
      0.04,
      0.12
    ],
    "action_space": "joint_delta",
    "obs_spec": {
      "q": 7,
      "qdot": 7,
      "ee_err": 7,
      "obstacles": 18
    },
    "joint_names": [
      "panda_joint1",
      "panda_joint2",
      "panda_joint3",
      "panda_joint4",
      "panda_joint5",
      "panda_joint6",
      "panda_joint7"
    ],
    "base_link": "panda_link0",
    "eef_link": "panda_link8"
  }
}