{
  "obs_mean": [
    -0.0764584168791771,
    0.041058991104364395,
    0.06402410566806793,
    -1.986061930656433,
    -0.17624637484550476,
    0.9687779545783997,
    0.053494300693273544,
    0.0016866327496245503,
    -0.00037291558692231774,
    -0.001520934863947332,
    0.00023514368513133377,
    -0.00018822940182872117,
    6.710206071147695e-05,
    -0.00020308532111812383,
    0.022448895499110222,
    0.006782447919249535,
    -0.060477498918771744,
    -0.010340374894440174,
    0.034510161727666855,
    0.0013321565929800272,
    0.8403179049491882,
    0.4699726402759552,
    -0.009565399028360844,
    0.29941311478614807,
    0.08063249289989471,
    0.0803021639585495,
    0.07940837740898132,
    0.472500205039978,
    0.0011390751460567117,
    0.3027028441429138,
    0.08024998754262924,
    0.07866349816322327,
    0.07925061881542206,
    0.46377646923065186,
    -0.0032697839196771383,
    0.2983059585094452,
    0.07970746606588364,
    0.07846125960350037,
    0.08000984787940979
  ],
  "obs_std": [
    1.3787142038345337,
    1.0661265850067139,
    1.3921278715133667,
    0.4410477876663208,
    1.7540457248687744,
    0.47413527965545654,
    0.8128029704093933,
    0.542637050151825,
    0.4280053675174713,
    0.5086228847503662,
    0.35189059376716614,
    0.6887562274932861,
    0.3219626843929291,
    0.4762154817581177,
    0.18634124100208282,
    0.28028687834739685,
    0.22892412543296814,
    0.3338907063007355,
    0.22841483354568481,
    0.25102120637893677,
    0.25670644640922546,
    0.14515535533428192,
    0.23724882304668427,
    0.17857292294502258,
    0.022844957187771797,
    0.023246658965945244,
    0.023425482213497162,
    0.14421387016773224,
    0.23384377360343933,
    0.17678648233413696,
    0.022467568516731262,
    0.023161020129919052,
    0.02346092462539673,
    0.14419035613536835,
    0.2358216941356659,
    0.17689672112464905,
    0.022994207218289375,
    0.022865230217576027,
    0.022862281650304794
  ],
  "act_scale": [
    0.06508497893810272,
    0.05966683477163315,
    0.06495771557092667,
    0.05339808762073517,
    0.0781765952706337,
    0.052510689944028854,
    0.0768059641122818
  ],
  "obs_dim": 39,
  "act_dim": 7,
  "hidden": [
    256,
    256
  ]
}