{
  "obs_mean": [
    0.08458495885133743,
    -0.055478550493717194,
    -0.13301169872283936,
    -1.9786043167114258,
    0.4204139709472656,
    1.0342285633087158,
    -0.09381327778100967,
    -0.03204559162259102,
    0.04115156829357147,
    0.04071156308054924,
    0.020745905116200447,
    -0.06840495765209198,
    -0.009164965711534023,
    0.020739730447530746,
    0.06950041651725769,
    0.0014696725411340594,
    -0.10977909713983536,
    0.041543472558259964,
    0.03312011435627937,
    0.008289234712719917,
    0.7683588862419128,
    0.45062389969825745,
    -0.0007061876822263002,
    0.2881808578968048,
    0.07987292110919952,
    0.07987423241138458,
    0.0798785462975502,
    0.45918428897857666,
    0.0019325226312503219,
    0.3036995232105255,
    0.0784585103392601,
    0.07879430800676346,
    0.07800153642892838,
    0.45453912019729614,
    -0.015387525781989098,
    0.2923162877559662,
    0.08379265666007996,
    0.0788564383983612,
    0.07901039719581604
  ],
  "obs_std": [
    1.1891682147979736,
    1.0199528932571411,
    1.297032117843628,
    0.43926379084587097,
    1.561572790145874,
    0.48495930433273315,
    0.7081040740013123,
    0.5810927152633667,
    0.5256615281105042,
    0.6369163990020752,
    0.2731787860393524,
    0.8128503561019897,
    0.3256165087223053,
    0.39111465215682983,
    0.19564735889434814,
    0.2800345718860626,
    0.24738065898418427,
    0.41962334513664246,
    0.24789507687091827,
    0.29406726360321045,
    0.28761398792266846,
    0.1369219869375229,
    0.23932643234729767,
    0.16830089688301086,
    0.022442517802119255,
    0.023207202553749084,
    0.02414124272763729,
    0.13872407376766205,
    0.24409134685993195,
    0.17396095395088196,
    0.023791193962097168,
    0.02188929356634617,
    0.022585073485970497,
    0.13412880897521973,
    0.21970705687999725,
    0.17880727350711823,
    0.02351982705295086,
    0.023641349747776985,
    0.022278418764472008
  ],
  "act_scale": [
    0.06502050161361694,
    0.06466955691576004,
    0.06519124656915665,
    0.04290992394089699,
    0.0781780332326889,
    0.050962261855602264,
    0.06519913673400879
  ],
  "obs_dim": 39,
  "act_dim": 7,
  "hidden": [
    256,
    256
  ]
}