{
  "shape": {
    "obs": [
      692,
      39
    ],
    "acts": [
      692,
      7
    ]
  },
  "mean": [
    0.735071445946139,
    -0.060906100705200784,
    -0.4556591428197721,
    -1.7764987462421569,
    0.522440466303082,
    0.9937463467743795,
    -0.4545482245270886,
    0.17968870617295926,
    -0.029404626402589527,
    -0.40651668071265046,
    0.03140785055855611,
    -0.26406306561826265,
    0.05608641952559838,
    0.09290923389145934,
    0.007611062162431159,
    -0.026301281403169254,
    -0.1923283766842232,
    0.04290634179671128,
    0.14582699507666189,
    0.03669720181712504,
    0.8165347786314623,
    0.4554423582675337,
    0.16359433972134696,
    0.2986672013860359,
    0.07767503535270401,
    0.07512536517803274,
    0.07938730651660199,
    0.4296714518377175,
    0.058916848946718,
    0.2425433770611176,
    0.07845452839029717,
    0.07962131886719097,
    0.08270411308543377,
    0.46058103689695773,
    -0.15096504576872904,
    0.33931102034070565,
    0.07348116742986503,
    0.07583437132933227,
    0.08145883787377538
  ],
  "std": [
    1.1653717407008273,
    1.080612720976697,
    1.2845023143020777,
    0.5048988355263225,
    1.2295826449784013,
    0.4344303181828842,
    0.8020726812712401,
    0.4524341806415093,
    0.6230585605275545,
    0.5232487967633398,
    0.4269444719170859,
    0.5629790441248477,
    0.22034866378046808,
    0.37399485281762573,
    0.19784639311597618,
    0.24008010335370086,
    0.22469563224342062,
    0.36173665373172836,
    0.27172908284188096,
    0.1975844262206714,
    0.2551236904023769,
    0.13826921911219547,
    0.20337299754220842,
    0.19688798559367746,
    0.021983763727236903,
    0.02381370389019337,
    0.02472759919602226,
    0.14339721625335466,
    0.23253738309368388,
    0.20313353707814497,
    0.023453034252675843,
    0.026462476962452297,
    0.02155042943899211,
    0.15701301252262356,
    0.19987458708076877,
    0.17384446713143176,
    0.013294141891553138,
    0.023447941045167713,
    0.016470621472716072
  ],
  "config": {
    "dt": 0.05,
    "episodes": 500,
    "ws_aabb": {
      "x": [
        0.2,
        0.7
      ],
      "y": [
        -0.4,
        0.4
      ],
      "z": [
        0.0,
        0.6
      ]
    },
    "box_edge_range": [
      0.04,
      0.12
    ],
    "action_space": "joint_delta",
    "obs_spec": {
      "q": 7,
      "qdot": 7,
      "ee_err": 7,
      "obstacles": 18
    },
    "joint_names": [
      "panda_joint1",
      "panda_joint2",
      "panda_joint3",
      "panda_joint4",
      "panda_joint5",
      "panda_joint6",
      "panda_joint7"
    ],
    "base_link": "panda_link0",
    "eef_link": "panda_link8"
  }
}