{
  "shape": {
    "obs": [
      3796,
      39
    ],
    "acts": [
      3796,
      7
    ]
  },
  "mean": [
    -0.20202658822603758,
    0.0637206273291145,
    0.15907963786314894,
    -1.9623005587151536,
    0.41854944729584825,
    0.9100062906360429,
    -0.1535258484249925,
    0.051005296488828226,
    0.11254998217307771,
    -0.019406960640267548,
    0.013530714343416593,
    0.17822015501688432,
    0.0010238809017461476,
    0.02408016272012326,
    0.0284650819099865,
    0.0015463260772873143,
    -0.0939977351500513,
    0.034334187609262094,
    0.03822221801838485,
    -0.01305583594479367,
    0.7725110552909186,
    0.43864872727440696,
    -0.06771787245073603,
    0.30922326085149177,
    0.08070845849149107,
    0.08777122553739089,
    0.0719501516222731,
    0.465902256740228,
    -0.03528176977008586,
    0.3000815772393198,
    0.0826147498865983,
    0.07280737406840208,
    0.08284738792017832,
    0.47956874882776557,
    -0.028066110118547108,
    0.3051629018878361,
    0.08555837280180259,
    0.08428690657251524,
    0.07828460106480026
  ],
  "std": [
    1.1960808422780227,
    1.0035904355708813,
    1.3109700299383802,
    0.4861507890811269,
    1.575097817275553,
    0.43673195880480736,
    0.6629523563987391,
    0.5738484687997523,
    0.5193932153165729,
    0.627590095855544,
    0.2624832885962236,
    0.8686465515900578,
    0.26860519380453685,
    0.3915852497561811,
    0.1768754167186822,
    0.26904858202439375,
    0.24040089969969938,
    0.4210076611685299,
    0.2214153116934242,
    0.30315721375941274,
    0.28677509121748673,
    0.1337670045489991,
    0.24735442803287008,
    0.17228712485800288,
    0.022705162014997848,
    0.023109546515850787,
    0.023507817574568803,
    0.14357281058388216,
    0.22285379824735616,
    0.17643589919252836,
    0.021875601241227005,
    0.020747639375662,
    0.025004146808853097,
    0.15128282081754027,
    0.23314182748411896,
    0.1721234542931799,
    0.021670721275528534,
    0.022295085727820078,
    0.020284810268736925
  ],
  "config": {
    "dt": 0.05,
    "episodes": 300,
    "ws_aabb": {
      "x": [
        0.2,
        0.7
      ],
      "y": [
        -0.4,
        0.4
      ],
      "z": [
        0.0,
        0.6
      ]
    },
    "box_edge_range": [
      0.04,
      0.12
    ],
    "action_space": "joint_delta",
    "obs_spec": {
      "q": 7,
      "qdot": 7,
      "ee_err": 7,
      "obstacles": 18
    },
    "joint_names": [
      "panda_joint1",
      "panda_joint2",
      "panda_joint3",
      "panda_joint4",
      "panda_joint5",
      "panda_joint6",
      "panda_joint7"
    ],
    "base_link": "panda_link0",
    "eef_link": "panda_link8"
  }
}