{
  "shape": {
    "obs": [
      322,
      39
    ],
    "acts": [
      322,
      7
    ]
  },
  "mean": [
    1.0058858733348985,
    0.5070280706794371,
    -0.18677767146268373,
    -2.0083319636603267,
    -0.7973603379919894,
    0.6795203269835256,
    -0.024053711072411627,
    -0.03705222423465893,
    -0.14820310021486877,
    0.12735597225338546,
    -0.05409740609132782,
    0.009890307993697708,
    0.1398381738246789,
    0.27425480874578084,
    0.07608651711082302,
    -0.2850264673446239,
    -0.028561234140110636,
    0.022655972454556205,
    0.08992163657999842,
    -0.04628611436897774,
    0.886794849588387,
    0.3390895173780136,
    0.15388584130503488,
    0.3885851377374543,
    0.0885056352154656,
    0.0907792884138057,
    0.06265479172007259,
    0.4021353972535666,
    -0.13731331030518468,
    0.26919398919255266,
    0.08741780782823835,
    0.07899889296087156,
    0.0788616746511273,
    0.41085682844185173,
    -0.14608682339427037,
    0.40757386370719373,
    0.07503333398291429,
    0.08338453504395289,
    0.0802233626957076
  ],
  "std": [
    0.6538631732604137,
    0.9433308513507482,
    1.0889189424098622,
    0.44267532892817163,
    1.9038411980552434,
    0.3870995404321664,
    0.9480920236456528,
    0.5488162140363743,
    0.3739388147636103,
    0.5112988037672709,
    0.41314257671096627,
    0.5829213381158906,
    0.34094500118356674,
    0.4555079724422078,
    0.28763501467851216,
    0.2743500789120768,
    0.178658119379135,
    0.1827217162477508,
    0.20801200633152347,
    0.2987655476407094,
    0.19218799058058544,
    0.10797382629603004,
    0.19135171067486276,
    0.16506000020855746,
    0.013380077585387467,
    0.018507140306648812,
    0.027092989536641583,
    0.09245589906501413,
    0.2716408421055235,
    0.2111042410209797,
    0.022636942152339568,
    0.03037980788717528,
    0.029345289703209154,
    0.09098337580263822,
    0.1836220517839635,
    0.11159363240747193,
    0.014070010999958837,
    0.02762154861376717,
    0.002279770500874089
  ],
  "config": {
    "dt": 0.05,
    "episodes": 300,
    "ws_aabb": {
      "x": [
        0.2,
        0.7
      ],
      "y": [
        -0.4,
        0.4
      ],
      "z": [
        0.0,
        0.6
      ]
    },
    "box_edge_range": [
      0.04,
      0.12
    ],
    "action_space": "joint_delta",
    "obs_spec": {
      "q": 7,
      "qdot": 7,
      "ee_err": 7,
      "obstacles": 18
    },
    "joint_names": [
      "panda_joint1",
      "panda_joint2",
      "panda_joint3",
      "panda_joint4",
      "panda_joint5",
      "panda_joint6",
      "panda_joint7"
    ],
    "base_link": "panda_link0",
    "eef_link": "panda_link8"
  }
}