{
  "shape": {
    "obs": [
      1152,
      39
    ],
    "acts": [
      1152,
      7
    ]
  },
  "mean": [
    0.4272689848163873,
    -0.15383677138233115,
    -0.02889169903319016,
    -1.8341820098505046,
    0.6251484054047679,
    1.2662411512103882,
    -0.1460867951713319,
    0.14744279538193494,
    0.029244803834426496,
    -0.12150689924503988,
    -0.04314523693845763,
    -0.22908237165941506,
    -0.025771280276499223,
    -0.05271209707839554,
    -0.07899344400681906,
    0.01039889782527374,
    -0.030899343136185572,
    -0.028114221642885233,
    -0.01734851100281473,
    0.0021585099430864677,
    0.8345183589686981,
    -0.08299180136896289,
    -0.016287272944875808,
    -0.05388220254716489,
    0.08117975048195304,
    0.07585006793791842,
    0.08393166865372648,
    0.14390680464240166,
    0.12645288438602745,
    0.15101382955584153,
    0.08933010668950449,
    0.07583554798290154,
    0.07536801148772526,
    0.005637472052551166,
    -0.001838836726768785,
    -0.03405490817556742,
    0.07930629924754726,
    0.07685867551654613,
    0.07327524153581354
  ],
  "std": [
    1.204371989114401,
    1.1254054205343174,
    1.2833872711444518,
    0.40959426184233816,
    1.6204648568150442,
    0.5718497908584499,
    1.318369670446555,
    0.45884959598608194,
    0.5711371330921468,
    0.6177595107207251,
    0.27335422999237974,
    0.8869015688971497,
    0.4168635477353718,
    0.555043995441206,
    0.36945780312739834,
    0.2789410424903986,
    0.3267031256345491,
    0.28112069814902213,
    0.32492419957786606,
    0.2176299962471374,
    0.26554787029983434,
    0.5715629663411947,
    0.5666662398476467,
    0.6098206862751793,
    0.022279311867320597,
    0.02411778892757335,
    0.024551125578454607,
    0.6063058031406485,
    0.6222739750792197,
    0.5255451984944762,
    0.019502804127970345,
    0.024368580131654133,
    0.017931217599759,
    0.4950279343223267,
    0.564894721097378,
    0.6877552737400655,
    0.024970540946263647,
    0.024488960756042556,
    0.022037515329388968
  ],
  "config": {
    "dt": 0.05,
    "episodes": 500,
    "ws_aabb": {
      "x": [
        -1,
        1
      ],
      "y": [
        -1,
        1
      ],
      "z": [
        -1,
        1
      ]
    },
    "box_edge_range": [
      0.04,
      0.12
    ],
    "action_space": "joint_delta",
    "obs_spec": {
      "q": 7,
      "qdot": 7,
      "ee_err": 7,
      "obstacles": 18
    },
    "joint_names": [
      "panda_joint1",
      "panda_joint2",
      "panda_joint3",
      "panda_joint4",
      "panda_joint5",
      "panda_joint6",
      "panda_joint7"
    ],
    "base_link": "panda_link0",
    "eef_link": "panda_link8"
  }
}