{
  "shape": {
    "obs": [
      37,
      39
    ],
    "acts": [
      37,
      7
    ]
  },
  "mean": [
    1.0729984942730548,
    -1.3213785058009648,
    -2.117035955281625,
    -2.5233786979178348,
    1.3489173847251477,
    1.1215205389193308,
    -0.3934121612123631,
    -0.39679723245409687,
    -0.4698058648455397,
    -0.15162866835412195,
    -0.10238842351001275,
    -0.5069553737526128,
    0.3226978905455668,
    0.09898508616674388,
    -0.06452614654686997,
    0.018734917828409855,
    -0.05757066499167543,
    -0.010686839969922637,
    -0.02219176089466273,
    -0.007923307128271113,
    0.9994862895856589,
    0.38727005942368115,
    0.36057144512793293,
    0.43919636508684323,
    0.0878926787357629,
    0.05248149123539487,
    0.052479561626896244,
    0.22904180608409958,
    0.29294091661994787,
    0.36066900704592497,
    0.09664580622368357,
    0.0416467595436642,
    0.11759278817295953,
    0.6162213204002108,
    -0.23012871145737895,
    0.10909498032426032,
    0.054672360788274685,
    0.064339379436763,
    0.08198051453057906
  ],
  "std": [
    0.26366735569221783,
    0.3121807813688543,
    0.10075556672812376,
    0.06803597069821554,
    0.3368662176008866,
    0.21442916565061806,
    0.0657744908177275,
    0.2148796156723157,
    0.2544163502710112,
    0.08211224100361625,
    0.05544692173645891,
    0.2745341120482199,
    0.17475222362272916,
    0.05360389522187897,
    0.05498719011190921,
    0.013599861345722742,
    0.05553000845652842,
    0.008071772762902843,
    0.015936302828560123,
    0.00618889879389231,
    0.0005230703917337661,
    1e-06,
    1e-06,
    1e-06,
    1e-06,
    1e-06,
    1e-06,
    1e-06,
    1e-06,
    1e-06,
    1e-06,
    1e-06,
    1e-06,
    1e-06,
    1e-06,
    1e-06,
    1e-06,
    1e-06,
    1e-06
  ],
  "config": {
    "dt": 0.05,
    "episodes": 300,
    "ws_aabb": {
      "x": [
        0.2,
        0.7
      ],
      "y": [
        -0.4,
        0.4
      ],
      "z": [
        0.0,
        0.6
      ]
    },
    "box_edge_range": [
      0.04,
      0.12
    ],
    "action_space": "joint_delta",
    "obs_spec": {
      "q": 7,
      "qdot": 7,
      "ee_err": 7,
      "obstacles": 18
    },
    "joint_names": [
      "panda_joint1",
      "panda_joint2",
      "panda_joint3",
      "panda_joint4",
      "panda_joint5",
      "panda_joint6",
      "panda_joint7"
    ],
    "base_link": "panda_link0",
    "eef_link": "panda_link8"
  }
}