{
  "shape": {
    "obs": [
      2802,
      39
    ],
    "acts": [
      2802,
      7
    ]
  },
  "mean": [
    -0.1450883545726197,
    0.08930003574205181,
    0.010843265036940152,
    -1.8968009430364159,
    0.34700884831657264,
    1.072040566662562,
    -0.26889844663601153,
    0.13322889420442216,
    0.07940251314711565,
    -0.1726253003006337,
    0.030307377542047247,
    0.04476968147417993,
    0.004634569050995621,
    0.03734539500892661,
    0.05977430181790429,
    -0.026526490227913785,
    -0.11662023993016288,
    0.04771606165568304,
    0.010445974763408916,
    0.011217485963591949,
    0.7786157955469458,
    0.4395572133948596,
    -0.07924650908197442,
    0.2826745264172456,
    0.08092814686282893,
    0.08744714799527709,
    0.07234687412094502,
    0.4978962847906888,
    -0.06178296779809087,
    0.3074621210821386,
    0.0855649152070737,
    0.07548977991515604,
    0.07036103504802632,
    0.4558287812648859,
    -0.019133629912910267,
    0.2880735065031023,
    0.0851275476054474,
    0.08336454242474196,
    0.079693742689284
  ],
  "std": [
    1.2230565045685964,
    1.1329197686412378,
    1.3535957259080686,
    0.4523267879028484,
    1.5096992525873438,
    0.43266725245136917,
    0.511930374222327,
    0.6044211026061603,
    0.5229836092525305,
    0.6206365360844497,
    0.2750370227322475,
    0.7886321382296331,
    0.33627391517176186,
    0.39726101669651515,
    0.18612415461072968,
    0.2610643511857473,
    0.2310065597215769,
    0.4178795827827536,
    0.259151653182787,
    0.2626425189246948,
    0.2836928835970299,
    0.14391067482767153,
    0.24451727930336853,
    0.19554008554259894,
    0.021837885895505296,
    0.021886820171252756,
    0.023646033562496765,
    0.12409448421769868,
    0.21077141417795603,
    0.18978154785393028,
    0.02239725087853439,
    0.026734195409447197,
    0.022356399094643372,
    0.13845757375183987,
    0.2493042074131338,
    0.17282877318485523,
    0.020302169202976852,
    0.023645879806788995,
    0.022535372958831644
  ],
  "config": {
    "dt": 0.05,
    "episodes": 300,
    "ws_aabb": {
      "x": [
        0.2,
        0.7
      ],
      "y": [
        -0.4,
        0.4
      ],
      "z": [
        0.0,
        0.6
      ]
    },
    "box_edge_range": [
      0.04,
      0.12
    ],
    "action_space": "joint_delta",
    "obs_spec": {
      "q": 7,
      "qdot": 7,
      "ee_err": 7,
      "obstacles": 18
    },
    "joint_names": [
      "panda_joint1",
      "panda_joint2",
      "panda_joint3",
      "panda_joint4",
      "panda_joint5",
      "panda_joint6",
      "panda_joint7"
    ],
    "base_link": "panda_link0",
    "eef_link": "panda_link8"
  }
}