{
  "shape": {
    "obs": [
      37,
      39
    ],
    "acts": [
      37,
      7
    ]
  },
  "mean": [
    1.0729928462256662,
    -1.3214014124202087,
    -2.117048597615947,
    -2.5233692904018645,
    1.3488477291624235,
    1.1214447767563673,
    -0.39345399400217995,
    -0.396803177258033,
    -0.46983071475758387,
    -0.15164245309960372,
    -0.10237802617323957,
    -0.5070315369120445,
    0.3226144828104166,
    0.09893908321622452,
    0.0,
    0.0,
    0.0,
    0.0,
    0.0,
    0.0,
    1.0,
    0.38727005942368115,
    0.36057144512793293,
    0.43919636508684323,
    0.0878926787357629,
    0.05248149123539487,
    0.052479561626896244,
    0.22904180608409958,
    0.29294091661994787,
    0.36066900704592497,
    0.09664580622368357,
    0.0416467595436642,
    0.11759278817295953,
    0.6162213204002108,
    -0.23012871145737895,
    0.10909498032426032,
    0.054672360788274685,
    0.064339379436763,
    0.08198051453057906
  ],
  "std": [
    0.26366976034609785,
    0.3121954638049968,
    0.10076413587048082,
    0.06802866300702771,
    0.3369148522179733,
    0.21437248550932778,
    0.0657435369866521,
    0.21487586220959698,
    0.25442155131847116,
    0.08211704120546105,
    0.05543949218679345,
    0.2745664473109434,
    0.17470138629992069,
    0.053577244414272,
    1e-06,
    1e-06,
    1e-06,
    1e-06,
    1e-06,
    1e-06,
    1e-06,
    1e-06,
    1e-06,
    1e-06,
    1e-06,
    1e-06,
    1e-06,
    1e-06,
    1e-06,
    1e-06,
    1e-06,
    1e-06,
    1e-06,
    1e-06,
    1e-06,
    1e-06,
    1e-06,
    1e-06,
    1e-06
  ],
  "config": {
    "dt": 0.05,
    "episodes": 500,
    "ws_aabb": {
      "x": [
        0.2,
        0.7
      ],
      "y": [
        -0.4,
        0.4
      ],
      "z": [
        0.0,
        0.6
      ]
    },
    "box_edge_range": [
      0.04,
      0.12
    ],
    "action_space": "joint_delta",
    "obs_spec": {
      "q": 7,
      "qdot": 7,
      "ee_err": 7,
      "obstacles": 18
    },
    "joint_names": [
      "panda_joint1",
      "panda_joint2",
      "panda_joint3",
      "panda_joint4",
      "panda_joint5",
      "panda_joint6",
      "panda_joint7"
    ],
    "base_link": "panda_link0",
    "eef_link": "panda_link8"
  }
}