{
  "shape": {
    "obs": [
      23508,
      39
    ],
    "acts": [
      23508,
      7
    ]
  },
  "mean": [
    0.08458495522114662,
    -0.055478551694597075,
    -0.13301169532848944,
    -1.9786042924023257,
    0.42041397498211436,
    1.0342286040770106,
    -0.09381328055163923,
    -0.03204559205722159,
    0.04115156690376317,
    0.040711562259689235,
    0.020745905838367867,
    -0.06840495676664998,
    -0.009164965582429392,
    0.020739731237648683,
    0.0695004183612913,
    0.0014696725462405606,
    -0.10977909873291437,
    0.041543472250526715,
    0.03312011489461229,
    0.008289234693530292,
    0.7683588967376179,
    0.4506238953055658,
    -0.0007061876916724376,
    0.2881808473486376,
    0.0798729223282072,
    0.0798742356956369,
    0.079878548708104,
    0.45918427427110303,
    0.0019325226488208077,
    0.30369953151919726,
    0.07845850983002467,
    0.0787943042878346,
    0.07800153644751039,
    0.4545391177593942,
    -0.015387525580654836,
    0.29231627461006077,
    0.0837926566820814,
    0.07885643812002383,
    0.07901039845405618
  ],
  "std": [
    1.1891681822692686,
    1.0199528966698304,
    1.297032088426645,
    0.4392638050787847,
    1.561572756881994,
    0.4849593035039404,
    0.7081040778498326,
    0.5810927166672285,
    0.5256615106739436,
    0.6369164015066114,
    0.27317878439214527,
    0.812850358375629,
    0.32561652116505196,
    0.3911146396700533,
    0.19564735363035984,
    0.2800345615214853,
    0.24738065415639457,
    0.41962335300470455,
    0.24789507892224863,
    0.29406727664235527,
    0.28761397838499947,
    0.13692199131599897,
    0.23932642830296527,
    0.16830089207563786,
    0.0224425175356434,
    0.023207201934001904,
    0.02414124187342049,
    0.1387240673025675,
    0.24409134311015382,
    0.17396095689006463,
    0.023791194805375955,
    0.021889292753887533,
    0.02258507336038175,
    0.134128813327086,
    0.21970705717171998,
    0.17880727005407104,
    0.023519826631547107,
    0.023641350625884648,
    0.022278419678928303
  ],
  "config": {
    "dt": 0.05,
    "episodes": 300,
    "ws_aabb": {
      "x": [
        0.2,
        0.7
      ],
      "y": [
        -0.4,
        0.4
      ],
      "z": [
        0.0,
        0.6
      ]
    },
    "box_edge_range": [
      0.04,
      0.12
    ],
    "action_space": "joint_delta",
    "obs_spec": {
      "q": 7,
      "qdot": 7,
      "ee_err": 7,
      "obstacles": 18
    },
    "joint_names": [
      "panda_joint1",
      "panda_joint2",
      "panda_joint3",
      "panda_joint4",
      "panda_joint5",
      "panda_joint6",
      "panda_joint7"
    ],
    "base_link": "panda_link0",
    "eef_link": "panda_link8"
  }
}