{
  "shape": {
    "obs": [
      395,
      39
    ],
    "acts": [
      395,
      7
    ]
  },
  "mean": [
    1.7213345322259435,
    -0.9757828677227197,
    -1.9346983512304914,
    -2.058354242239012,
    1.217734965429987,
    0.8819620303575798,
    -0.9744825289621107,
    0.2703064083816802,
    -0.12650082871093082,
    -0.15760048918627723,
    0.03094091546032972,
    0.0734815460266741,
    -0.03092526440238659,
    -0.043044915571535045,
    0.019658017256851835,
    0.0032872029805696215,
    -0.04538466054918083,
    0.12391754167587561,
    0.04130904666590211,
    -0.019488171024402683,
    0.9271111208561313,
    0.4246398131254778,
    0.025837218334128224,
    0.4487944294075937,
    0.089080804403377,
    0.10234333929584334,
    0.09488489633109921,
    0.41627428246344816,
    0.14939116056733515,
    0.25098047214407293,
    0.07729302830181596,
    0.0683312842319135,
    0.07329174287729047,
    0.4387530608535395,
    -0.13210431184158467,
    0.3367013547712971,
    0.08057727692019119,
    0.07679140334861684,
    0.07887516261579355
  ],
  "std": [
    1.3675148406851412,
    0.7861557860641704,
    0.9374845881013423,
    0.23724289321354844,
    0.4186247770341243,
    0.43459702631143354,
    0.5536167016813798,
    0.4866726737124399,
    0.4363567243656952,
    0.42717237237320005,
    0.28481146564885035,
    0.6062033372958302,
    0.2293586654627036,
    0.6055157578422039,
    0.1865953098964535,
    0.22281720632436508,
    0.16816271847093348,
    0.22192660195780878,
    0.19226872569824205,
    0.14216244324465127,
    0.12881904554885415,
    0.13633678817790013,
    0.2563428930522286,
    0.14357987680676843,
    0.023140656601612054,
    0.017145374218132496,
    0.01619651319869527,
    0.128169049240671,
    0.23791000801087142,
    0.20626413004342523,
    0.021889139230062957,
    0.02950737421818159,
    0.01743347392426106,
    0.13036280623899127,
    0.17405927149164133,
    0.17531942113104512,
    0.018160327088915393,
    0.020859029553753856,
    0.0220613006476285
  ],
  "config": {
    "dt": 0.05,
    "episodes": 300,
    "ws_aabb": {
      "x": [
        0.2,
        0.7
      ],
      "y": [
        -0.4,
        0.4
      ],
      "z": [
        0.0,
        0.6
      ]
    },
    "box_edge_range": [
      0.04,
      0.12
    ],
    "action_space": "joint_delta",
    "obs_spec": {
      "q": 7,
      "qdot": 7,
      "ee_err": 7,
      "obstacles": 18
    },
    "joint_names": [
      "panda_joint1",
      "panda_joint2",
      "panda_joint3",
      "panda_joint4",
      "panda_joint5",
      "panda_joint6",
      "panda_joint7"
    ],
    "base_link": "panda_link0",
    "eef_link": "panda_link8"
  }
}