{
  "shape": {
    "obs": [
      52240,
      39
    ],
    "acts": [
      52240,
      7
    ]
  },
  "mean": [
    -0.07645841981949492,
    0.04105899035336345,
    0.06402410729415339,
    -1.9860619730663616,
    -0.1762463770421107,
    0.9687779266297083,
    0.05349430063460808,
    0.00168663269337884,
    -0.0003729155996562387,
    -0.0015209348861001766,
    0.00023514368045736748,
    -0.0001882294004256785,
    6.710206124142836e-05,
    -0.00020308531866212716,
    0.022448896373045812,
    0.006782447992174866,
    -0.060477499020045795,
    -0.01034037445907479,
    0.034510163289257434,
    0.0013321566120587378,
    0.8403179005991906,
    0.4699726297279605,
    -0.009565399389328069,
    0.2994131106856798,
    0.08063249195591833,
    0.08030216644855753,
    0.07940837858544307,
    0.47250021862547315,
    0.0011390750930868742,
    0.3027028465652679,
    0.08024998644971867,
    0.07866349522139499,
    0.0792506175444353,
    0.46377647114115045,
    -0.0032697840273395017,
    0.29830595394577325,
    0.0797074636919798,
    0.07846125756802572,
    0.08000984540860137
  ],
  "std": [
    1.3787141841367951,
    1.0661265369798976,
    1.3921279096693997,
    0.4410477784506961,
    1.754045727956968,
    0.4741352879648269,
    0.812802964783336,
    0.5426370617447983,
    0.4280053597577894,
    0.5086228973643941,
    0.3518906029860708,
    0.6887562304804896,
    0.32196267352339447,
    0.47621548293263094,
    0.1863412453650768,
    0.2802868910546081,
    0.22892412856250463,
    0.33389070389412834,
    0.22841483256169073,
    0.2510212048096742,
    0.2567064343407419,
    0.1451553584224925,
    0.23724882879415296,
    0.17857292236110134,
    0.022844958049024807,
    0.023246659068178712,
    0.023425482654805218,
    0.1442138666628734,
    0.23384377562503358,
    0.17678647823259072,
    0.022467568052790425,
    0.023161019385022026,
    0.023460924701896903,
    0.14419036059165025,
    0.23582170101032357,
    0.17689671869825496,
    0.02299420641624215,
    0.02286522962455724,
    0.022862282527724136
  ],
  "config": {
    "dt": 0.05,
    "episodes": 1000,
    "ws_aabb": {
      "x": [
        0.2,
        0.7
      ],
      "y": [
        -0.4,
        0.4
      ],
      "z": [
        0.0,
        0.6
      ]
    },
    "box_edge_range": [
      0.04,
      0.12
    ],
    "action_space": "joint_delta",
    "obs_spec": {
      "q": 7,
      "qdot": 7,
      "ee_err": 7,
      "obstacles": 18
    },
    "joint_names": [
      "panda_joint1",
      "panda_joint2",
      "panda_joint3",
      "panda_joint4",
      "panda_joint5",
      "panda_joint6",
      "panda_joint7"
    ],
    "base_link": "panda_link0",
    "eef_link": "panda_link8"
  }
}