{
  "shape": {
    "obs": [
      550,
      39
    ],
    "acts": [
      550,
      7
    ]
  },
  "mean": [
    -0.4721414540075126,
    -0.5487866534678594,
    0.4018692775273735,
    -1.8218974836556048,
    0.06037916631607295,
    1.1592948957549245,
    0.17113837236374344,
    -0.5224052737925889,
    0.019351374029787195,
    0.427491959410011,
    -0.04555004802394136,
    -0.1165169255030285,
    -0.04866191935274888,
    0.10021236747832835,
    0.0280386130991189,
    -0.19891203419859985,
    -0.1422324336922835,
    -0.06743597169356892,
    0.10107853242874229,
    0.082508454309556,
    0.7763286140597097,
    0.40931779063282275,
    0.08294984793032621,
    0.37536861558740936,
    0.08718685203421789,
    0.07782421529373819,
    0.05694134229257719,
    0.33441075811499354,
    -0.08075821624007068,
    0.3306965812085658,
    0.08577746621032693,
    0.09053000551492003,
    0.07882905106743425,
    0.4039648415528512,
    -0.12307876636218279,
    0.3369812979823832,
    0.07906544366477339,
    0.09683681998005346,
    0.06569474565601006
  ],
  "std": [
    1.535829233802732,
    1.0191405037258083,
    1.424067554456343,
    0.5935758348138028,
    1.606650450161594,
    0.45445835447522387,
    0.6820646407643378,
    0.5706197122877654,
    0.5221346655094106,
    0.6136645084878277,
    0.2622320147533187,
    0.5528890626645173,
    0.37678294748805286,
    0.3098044923252732,
    0.16623831281949558,
    0.33407416133577245,
    0.2255636601586439,
    0.48581780222246546,
    0.16767065735179312,
    0.1719549972698894,
    0.28642774059828274,
    0.07687524529049129,
    0.2792025593759533,
    0.20681531704324474,
    0.013379252638568694,
    0.017402905661613288,
    0.018751197286306906,
    0.08862189805482902,
    0.2319731754162636,
    0.13653598723670254,
    0.023620409676203245,
    0.02836835196938566,
    0.019328373405426792,
    0.15346092626495472,
    0.19520742966248644,
    0.1384867638153078,
    0.013512931788376299,
    0.023776726379445043,
    0.015539179807699931
  ],
  "config": {
    "dt": 0.05,
    "episodes": 300,
    "ws_aabb": {
      "x": [
        0.2,
        0.7
      ],
      "y": [
        -0.4,
        0.4
      ],
      "z": [
        0.0,
        0.6
      ]
    },
    "box_edge_range": [
      0.04,
      0.12
    ],
    "action_space": "joint_delta",
    "obs_spec": {
      "q": 7,
      "qdot": 7,
      "ee_err": 7,
      "obstacles": 18
    },
    "joint_names": [
      "panda_joint1",
      "panda_joint2",
      "panda_joint3",
      "panda_joint4",
      "panda_joint5",
      "panda_joint6",
      "panda_joint7"
    ],
    "base_link": "panda_link0",
    "eef_link": "panda_link8"
  }
}