{
  "shape": {
    "obs": [
      557,
      39
    ],
    "acts": [
      557,
      7
    ]
  },
  "mean": [
    0.34717071708316594,
    -0.31395169898208397,
    -0.11594364943001323,
    -2.0209967458164044,
    0.17721541372629224,
    1.0416904963274776,
    -0.032512531616919534,
    -0.5840923639632843,
    -0.05333870449281583,
    0.45482165880919484,
    0.05943116098800576,
    -0.1289558899973883,
    0.006111773444101039,
    0.16936592506325102,
    0.09770920620289655,
    -0.1408255857508441,
    -0.1680440000393557,
    -0.01307711559092427,
    0.05298089671181508,
    -0.12693727263883467,
    0.8533236082795286,
    0.5123255350959361,
    0.14704728502187014,
    0.2727907404311727,
    0.07298293030069655,
    0.0737796404342328,
    0.0799768985303619,
    0.4816103089978447,
    0.10971252918476157,
    0.21585184365594332,
    0.0862083170023163,
    0.07622470098164214,
    0.08741660519056553,
    0.4021562272338645,
    -0.24732160224004052,
    0.33449728241594684,
    0.07085338793817028,
    0.07390719868065194,
    0.0864518528250806
  ],
  "std": [
    1.3118164446219776,
    1.0427434499468293,
    1.4191737518293188,
    0.46376989258170015,
    1.6638311975362075,
    0.3435173837628192,
    0.835487141951844,
    0.4732040579676648,
    0.6100881326259875,
    0.49024748356947784,
    0.21355603076952479,
    0.6013269979874145,
    0.20138385005632306,
    0.42201749096000923,
    0.18612668083904138,
    0.17273640812911378,
    0.23044524367470023,
    0.3375381633333462,
    0.21198501934566494,
    0.22919940210833234,
    0.2033365091148327,
    0.09766306887221753,
    0.21513310991568024,
    0.20807710540342853,
    0.01849863903074102,
    0.026390496143839016,
    0.028713660971753437,
    0.10743139832197782,
    0.2575742172835034,
    0.2335088119644224,
    0.025930494468483386,
    0.028054564028757868,
    0.0214693606463024,
    0.12310332651861279,
    0.09159258714282081,
    0.1831854982049942,
    0.011346907343961139,
    0.026607046705061813,
    0.01289901298423623
  ],
  "config": {
    "dt": 0.05,
    "episodes": 500,
    "ws_aabb": {
      "x": [
        0.2,
        0.7
      ],
      "y": [
        -0.4,
        0.4
      ],
      "z": [
        0.0,
        0.6
      ]
    },
    "box_edge_range": [
      0.04,
      0.12
    ],
    "action_space": "joint_delta",
    "obs_spec": {
      "q": 7,
      "qdot": 7,
      "ee_err": 7,
      "obstacles": 18
    },
    "joint_names": [
      "panda_joint1",
      "panda_joint2",
      "panda_joint3",
      "panda_joint4",
      "panda_joint5",
      "panda_joint6",
      "panda_joint7"
    ],
    "base_link": "panda_link0",
    "eef_link": "panda_link8"
  }
}