{
  "shape": {
    "obs": [
      691,
      39
    ],
    "acts": [
      691,
      7
    ]
  },
  "mean": [
    0.34688150690173924,
    0.2648493274142586,
    -0.13147261382721384,
    -1.755311129560384,
    1.1547228051147518,
    0.9570171360342187,
    -0.5329334064106035,
    -0.22849076928324835,
    0.06878494702696276,
    0.0809453011802286,
    0.03900068247738231,
    -0.3202323184013678,
    0.09133352711449903,
    0.31171711591696033,
    0.11911972284077064,
    -0.12749614312426655,
    -0.2166263010568591,
    0.13849409850456473,
    0.2061162494236041,
    -0.08932683513655977,
    0.7358619038189563,
    0.5038655506873315,
    0.14318446366609153,
    0.2976841676172354,
    0.0715944224047436,
    0.0700679910755192,
    0.08500868472150216,
    0.4615254375743347,
    0.13861412190318556,
    0.27299338075827645,
    0.08036455417640262,
    0.07106253480004586,
    0.08311347600671976,
    0.42730765847901825,
    -0.2054538703247905,
    0.3116113285274064,
    0.07138649205771365,
    0.07969710966892331,
    0.08585180319207308
  ],
  "std": [
    1.1477910157971658,
    0.9853980841093606,
    1.090552865992735,
    0.4199040402295902,
    1.1007643872251942,
    0.6268589788816252,
    0.890048439986451,
    0.5337030097592845,
    0.4520658839870431,
    0.5810898211971696,
    0.2940191992473525,
    0.6800994668479724,
    0.23699860224546393,
    0.5423266467132656,
    0.3233219950638764,
    0.2591052402077997,
    0.2541982914617255,
    0.3871733782032449,
    0.21516066587923405,
    0.336833659130883,
    0.2814412915351495,
    0.12814505651308916,
    0.22579414988880722,
    0.21639913731982907,
    0.020131636536525915,
    0.026708246890780843,
    0.025877514230838367,
    0.12351202796432509,
    0.2294576484798557,
    0.2339206987521838,
    0.02399107697828174,
    0.02263339995465366,
    0.02158816600668155,
    0.14495548758311008,
    0.151267675113688,
    0.18726335466387364,
    0.013342246045564546,
    0.026507974831804924,
    0.01610343989672422
  ],
  "config": {
    "dt": 0.05,
    "episodes": 500,
    "ws_aabb": {
      "x": [
        0.2,
        0.7
      ],
      "y": [
        -0.4,
        0.4
      ],
      "z": [
        0.0,
        0.6
      ]
    },
    "box_edge_range": [
      0.04,
      0.12
    ],
    "action_space": "joint_delta",
    "obs_spec": {
      "q": 7,
      "qdot": 7,
      "ee_err": 7,
      "obstacles": 18
    },
    "joint_names": [
      "panda_joint1",
      "panda_joint2",
      "panda_joint3",
      "panda_joint4",
      "panda_joint5",
      "panda_joint6",
      "panda_joint7"
    ],
    "base_link": "panda_link0",
    "eef_link": "panda_link8"
  }
}