{
  "shape": {
    "obs": [
      645,
      39
    ],
    "acts": [
      645,
      7
    ]
  },
  "mean": [
    -0.14608894470224806,
    -0.06075201819209775,
    0.3102092618411982,
    -1.987075227721766,
    0.39155602732711076,
    1.0900085625975948,
    -0.5847306070324558,
    -0.3609140333532925,
    0.19769349502482167,
    0.1783521369158554,
    0.08029578638688163,
    -0.14951276490989526,
    0.0729750155457603,
    -0.08543547257038157,
    0.17047597747162976,
    -0.11906169101052817,
    -0.1282266774195371,
    0.043850817174821165,
    0.18685249452806635,
    -0.022644888869456092,
    0.7579566343656562,
    0.48016384527461187,
    0.16684341974622308,
    0.321822294417134,
    0.07604384564379965,
    0.07571779792551948,
    0.08100385791510016,
    0.45898658150793686,
    0.08592490862068572,
    0.32803353817893516,
    0.0837431209141603,
    0.06919249019497563,
    0.07989528257631473,
    0.4202305434591526,
    -0.22743494722087645,
    0.3069558285958813,
    0.07561841250549517,
    0.08417885974367387,
    0.08471837402511227
  ],
  "std": [
    1.0870654440852696,
    1.1208552622940755,
    1.0987779206789428,
    0.46618056066702734,
    1.4158600216509005,
    0.46847179075699175,
    0.7826083430376135,
    0.5590733184352177,
    0.4867902854645289,
    0.5685101036459363,
    0.20784636948044452,
    0.7369382940871224,
    0.43059831960871436,
    0.4017666517010808,
    0.2645309302709027,
    0.21206762717135927,
    0.2514583476170727,
    0.348779423816886,
    0.3245976833776725,
    0.2914703409055636,
    0.2760190181692575,
    0.15814123836232852,
    0.20135613687792284,
    0.20054423151933728,
    0.019142920732059688,
    0.027862831550178557,
    0.029538026432583627,
    0.11090110413622618,
    0.27442665191742127,
    0.23553741231009467,
    0.023971359756244,
    0.022116551596851174,
    0.025073604177801207,
    0.12542674832165326,
    0.09689665406912633,
    0.1847071489494442,
    0.013857877348122475,
    0.029097426199077417,
    0.01427637386979363
  ],
  "config": {
    "dt": 0.05,
    "episodes": 500,
    "ws_aabb": {
      "x": [
        0.2,
        0.7
      ],
      "y": [
        -0.4,
        0.4
      ],
      "z": [
        0.0,
        0.6
      ]
    },
    "box_edge_range": [
      0.04,
      0.12
    ],
    "action_space": "joint_delta",
    "obs_spec": {
      "q": 7,
      "qdot": 7,
      "ee_err": 7,
      "obstacles": 18
    },
    "joint_names": [
      "panda_joint1",
      "panda_joint2",
      "panda_joint3",
      "panda_joint4",
      "panda_joint5",
      "panda_joint6",
      "panda_joint7"
    ],
    "base_link": "panda_link0",
    "eef_link": "panda_link8"
  }
}