{
  "shape": {
    "obs": [
      37,
      39
    ],
    "acts": [
      37,
      7
    ]
  },
  "mean": [
    1.0729938715576885,
    -1.3213915043636955,
    -2.117035805740428,
    -2.523386829985493,
    1.34890948595581,
    1.1215271322228717,
    -0.39346939202348263,
    -0.39680216252678746,
    -0.4698199659294699,
    -0.15162844820476926,
    -0.10239731597723298,
    -0.5069638607923114,
    0.32270501195349705,
    0.09892220160631007,
    0.0,
    0.0,
    0.0,
    0.0,
    0.0,
    0.0,
    1.0,
    0.38727005942368115,
    0.36057144512793293,
    0.43919636508684323,
    0.0878926787357629,
    0.05248149123539487,
    0.052479561626896244,
    0.22904180608409958,
    0.29294091661994787,
    0.36066900704592497,
    0.09664580622368357,
    0.0416467595436642,
    0.11759278817295953,
    0.6162213204002108,
    -0.23012871145737895,
    0.10909498032426032,
    0.054672360788274685,
    0.064339379436763,
    0.08198051453057906
  ],
  "std": [
    0.26366975464043546,
    0.31218911296492313,
    0.10075508530516772,
    0.06804165332071117,
    0.33687073662974987,
    0.214433184489697,
    0.06573248608307837,
    0.21487832879503657,
    0.2544193017260843,
    0.08211060983274271,
    0.055450716271738525,
    0.27453365292377246,
    0.17475286228478798,
    0.05356885463156872,
    1e-06,
    1e-06,
    1e-06,
    1e-06,
    1e-06,
    1e-06,
    1e-06,
    1e-06,
    1e-06,
    1e-06,
    1e-06,
    1e-06,
    1e-06,
    1e-06,
    1e-06,
    1e-06,
    1e-06,
    1e-06,
    1e-06,
    1e-06,
    1e-06,
    1e-06,
    1e-06,
    1e-06,
    1e-06
  ],
  "config": {
    "dt": 0.05,
    "episodes": 500,
    "ws_aabb": {
      "x": [
        0.2,
        0.7
      ],
      "y": [
        -0.4,
        0.4
      ],
      "z": [
        0.0,
        0.6
      ]
    },
    "box_edge_range": [
      0.04,
      0.12
    ],
    "action_space": "joint_delta",
    "obs_spec": {
      "q": 7,
      "qdot": 7,
      "ee_err": 7,
      "obstacles": 18
    },
    "joint_names": [
      "panda_joint1",
      "panda_joint2",
      "panda_joint3",
      "panda_joint4",
      "panda_joint5",
      "panda_joint6",
      "panda_joint7"
    ],
    "base_link": "panda_link0",
    "eef_link": "panda_link8"
  }
}