{
  "shape": {
    "obs": [
      481,
      39
    ],
    "acts": [
      481,
      7
    ]
  },
  "mean": [
    0.11018798885221708,
    0.029165993300394204,
    -0.30657965165972517,
    -2.0257820590734177,
    0.16620530629205987,
    0.9276503574594729,
    0.06559151888777583,
    -0.5009802756831125,
    -0.19154957872874837,
    0.24009898682542793,
    0.0490225087494975,
    -0.09733504985717556,
    0.11291016485983507,
    0.14628636464533512,
    0.037462355542443336,
    -0.12130744495245413,
    -0.05599447621153225,
    -0.13627977973736483,
    0.05930384974906482,
    0.04677867632276537,
    0.8694699507966176,
    0.45959749008200124,
    0.14528037673519983,
    0.2535238369030362,
    0.08064712651274657,
    0.08213016078733801,
    0.07210279732846804,
    0.3935012484074614,
    -0.093372813311247,
    0.3030015225141825,
    0.08046197488537375,
    0.08267783963776991,
    0.09096801805120773,
    0.4208834405526704,
    0.019659171126898415,
    0.4373032981172363,
    0.07294049017791422,
    0.07992355572673292,
    0.07362192088737048
  ],
  "std": [
    1.4257380837823588,
    1.1576780789698216,
    1.5324293560559898,
    0.4265834485555679,
    1.4531624769053926,
    0.3412106866203384,
    0.7640575203724899,
    0.6282705170228058,
    0.43203469867925615,
    0.4754458387042798,
    0.33835397866999023,
    0.4629776264605928,
    0.2656185078770128,
    0.5134238241648302,
    0.1581840207827695,
    0.18672733864933827,
    0.18122920724599292,
    0.3286746727582119,
    0.14874043204013823,
    0.1772643095008648,
    0.24118715364602059,
    0.130373546444759,
    0.21116312469083598,
    0.2317242118095243,
    0.012864980234901619,
    0.021444930553760518,
    0.026966424871929927,
    0.13259279320094347,
    0.24067225411402032,
    0.2105952771389099,
    0.02308417668608594,
    0.02583384052749951,
    0.019430337741209745,
    0.0866713458166221,
    0.28995535874244466,
    0.16227313047005354,
    0.01936872055252338,
    0.021244730195180344,
    0.009540437504957386
  ],
  "config": {
    "dt": 0.05,
    "episodes": 300,
    "ws_aabb": {
      "x": [
        0.2,
        0.7
      ],
      "y": [
        -0.4,
        0.4
      ],
      "z": [
        0.0,
        0.6
      ]
    },
    "box_edge_range": [
      0.04,
      0.12
    ],
    "action_space": "joint_delta",
    "obs_spec": {
      "q": 7,
      "qdot": 7,
      "ee_err": 7,
      "obstacles": 18
    },
    "joint_names": [
      "panda_joint1",
      "panda_joint2",
      "panda_joint3",
      "panda_joint4",
      "panda_joint5",
      "panda_joint6",
      "panda_joint7"
    ],
    "base_link": "panda_link0",
    "eef_link": "panda_link8"
  }
}