{
  "shape": {
    "obs": [
      6894,
      39
    ],
    "acts": [
      6894,
      7
    ]
  },
  "mean": [
    0.013663329305045931,
    -0.02585422675521454,
    0.04806645367010957,
    -1.9303156360027998,
    0.328299185401765,
    1.01171925613687,
    -0.06561765510599818,
    -0.041395738055401296,
    -0.006991394365026376,
    -0.003227187114497718,
    0.02751147744790455,
    -0.0809265922900622,
    0.016612684471013276,
    0.013859967939384004,
    0.07128358494285626,
    -0.0008256893817229708,
    -0.08467037614762161,
    0.042424385044813925,
    0.04572855573504792,
    -0.013473853128425441,
    0.7972737855829295,
    0.43330689408758877,
    -0.0026801420803550563,
    0.2911170420786369,
    0.08013418749359433,
    0.08130708123441356,
    0.07713687278302502,
    0.43806453325166145,
    -0.023355041471239048,
    0.2834489087194153,
    0.08237475886667298,
    0.08426228330323021,
    0.07333660102295393,
    0.45348104389291977,
    0.012383520959139747,
    0.316887115811908,
    0.08101958462694654,
    0.08033447107810744,
    0.07834734992307522
  ],
  "std": [
    1.263973326231689,
    1.0348814900903531,
    1.343954802481158,
    0.4494045065249922,
    1.7328400242976876,
    0.4473488683649668,
    0.6952684631833784,
    0.5829341413366147,
    0.5021106376427875,
    0.6316874780834157,
    0.27703556424392833,
    0.804992357181425,
    0.2965767953832701,
    0.361405819558616,
    0.18439018152700423,
    0.28579408652509464,
    0.25224090533493665,
    0.3912475150817032,
    0.2309350900597384,
    0.28055862420595157,
    0.27415918980265963,
    0.13068905879922685,
    0.22786476675988188,
    0.1798014130074202,
    0.023291655846243934,
    0.023211743571533695,
    0.023685360340418102,
    0.1467526749684776,
    0.23344960580267324,
    0.1754847696237813,
    0.023681986404439907,
    0.02144200154332479,
    0.022644256295997426,
    0.14112776647914338,
    0.24920269147746274,
    0.16489748582058544,
    0.023314908880919836,
    0.02414853171410356,
    0.022567627951549003
  ],
  "config": {
    "dt": 0.05,
    "episodes": 300,
    "ws_aabb": {
      "x": [
        0.2,
        0.7
      ],
      "y": [
        -0.4,
        0.4
      ],
      "z": [
        0.0,
        0.6
      ]
    },
    "box_edge_range": [
      0.04,
      0.12
    ],
    "action_space": "joint_delta",
    "obs_spec": {
      "q": 7,
      "qdot": 7,
      "ee_err": 7,
      "obstacles": 18
    },
    "joint_names": [
      "panda_joint1",
      "panda_joint2",
      "panda_joint3",
      "panda_joint4",
      "panda_joint5",
      "panda_joint6",
      "panda_joint7"
    ],
    "base_link": "panda_link0",
    "eef_link": "panda_link8"
  }
}