{
  "shape": {
    "obs": [
      477,
      39
    ],
    "acts": [
      477,
      7
    ]
  },
  "mean": [
    0.4158624484950803,
    0.2311585271420743,
    0.12779023538405462,
    -1.920011861738375,
    0.32251714212945787,
    0.9318465481985523,
    -0.23673776243980713,
    -0.3896465339221673,
    -0.04425298081731973,
    0.22382733482035067,
    0.016581395239014682,
    -0.011609515888913537,
    0.00612480100056706,
    -0.11090369246527179,
    0.0684312179514997,
    -0.15972249692548018,
    -0.12358557167006046,
    -0.05912071931707871,
    0.07663924902234216,
    -0.038298020320963806,
    0.7980065956330119,
    0.5052512201488495,
    0.09593124642709366,
    0.24094396572776217,
    0.07231468223369673,
    0.07885580888127801,
    0.08130724412365403,
    0.4976127089416633,
    0.11479325469077883,
    0.19886571032931413,
    0.07648732128845681,
    0.07200330501326248,
    0.0902549951042471,
    0.38119595089737085,
    -0.2673887651826215,
    0.33773997729682737,
    0.0696887928653104,
    0.06842608533854742,
    0.08356975620544307
  ],
  "std": [
    1.1762778046389752,
    0.9973000384128738,
    1.1800098463442787,
    0.4348832818876928,
    1.3056448222640757,
    0.4561130057458316,
    0.7879671015283483,
    0.5250093030976427,
    0.5183345798130845,
    0.4761658289551735,
    0.26143007683715774,
    0.7568782502368431,
    0.37841956078155575,
    0.5256555691669843,
    0.1795413353974111,
    0.20266227102313464,
    0.20732028071738506,
    0.3478100963839088,
    0.21526525215974016,
    0.35263865337446226,
    0.24634303163412755,
    0.08925947057779257,
    0.21290216097083592,
    0.1943585186109153,
    0.020038794692602068,
    0.026029437589128287,
    0.027035008472122174,
    0.12021914498600673,
    0.2321321375277929,
    0.21020088061170578,
    0.02561241155623822,
    0.02738475311929568,
    0.022309632528226993,
    0.1010818002954939,
    0.09399254480723589,
    0.18944270833368979,
    0.012630585376152656,
    0.024380268173449918,
    0.015922164623508414
  ],
  "config": {
    "dt": 0.05,
    "episodes": 500,
    "ws_aabb": {
      "x": [
        0.2,
        0.7
      ],
      "y": [
        -0.4,
        0.4
      ],
      "z": [
        0.0,
        0.6
      ]
    },
    "box_edge_range": [
      0.04,
      0.12
    ],
    "action_space": "joint_delta",
    "obs_spec": {
      "q": 7,
      "qdot": 7,
      "ee_err": 7,
      "obstacles": 18
    },
    "joint_names": [
      "panda_joint1",
      "panda_joint2",
      "panda_joint3",
      "panda_joint4",
      "panda_joint5",
      "panda_joint6",
      "panda_joint7"
    ],
    "base_link": "panda_link0",
    "eef_link": "panda_link8"
  }
}