{
  "shape": {
    "obs": [
      11671,
      39
    ],
    "acts": [
      11671,
      7
    ]
  },
  "mean": [
    -0.08123041190158663,
    -0.03783902646203569,
    0.046774634788210555,
    -1.9826092029976667,
    0.3478738302207541,
    0.9946339623380909,
    -0.10229332930824192,
    0.09861460737947546,
    -0.02081862480083859,
    -0.1063916096269901,
    0.007216212188228153,
    0.09740540936661626,
    0.02116039992215556,
    -0.040698551491102436,
    0.053587848881923826,
    0.005851442146756723,
    -0.11239121801041456,
    0.041907236236768626,
    0.05381357534817419,
    0.014964513710224767,
    0.7717115209135724,
    0.4398236776715572,
    -0.037697371823420874,
    0.28288289785790055,
    0.08226971258465436,
    0.08299483466275048,
    0.08082432979076062,
    0.4548426660698971,
    -0.0029615972662637305,
    0.29929043732050087,
    0.08406899701391221,
    0.07690820945115923,
    0.07792884527413209,
    0.46690580250297564,
    -0.01790535236439273,
    0.2969954710878102,
    0.07905495563582177,
    0.07937765251326012,
    0.07884864893269489
  ],
  "std": [
    1.1754131548157514,
    0.9928760325924381,
    1.3154206018509231,
    0.43428663435580805,
    1.6145506001658307,
    0.44589516390890727,
    0.6571036064845287,
    0.5860373608820596,
    0.5336422914103164,
    0.6390855617419716,
    0.26444573726673165,
    0.8460065570368966,
    0.2948342537561842,
    0.38979532267449923,
    0.18389959923385896,
    0.2635780954988951,
    0.25190454205813373,
    0.4241000475758544,
    0.22480063900768238,
    0.2957344189732489,
    0.2858850297940945,
    0.1361340586880268,
    0.23983923278107153,
    0.17803531595888067,
    0.02162873702459213,
    0.023051186735446604,
    0.02319345755741211,
    0.1501256045679213,
    0.23012290115060816,
    0.17282126270455883,
    0.021671619489993833,
    0.022715948720563126,
    0.022881568037599956,
    0.13740091776640173,
    0.2400778310457547,
    0.17332534277872466,
    0.023440625702633635,
    0.024138985284941215,
    0.02281031737750911
  ],
  "config": {
    "dt": 0.05,
    "episodes": 300,
    "ws_aabb": {
      "x": [
        0.2,
        0.7
      ],
      "y": [
        -0.4,
        0.4
      ],
      "z": [
        0.0,
        0.6
      ]
    },
    "box_edge_range": [
      0.04,
      0.12
    ],
    "action_space": "joint_delta",
    "obs_spec": {
      "q": 7,
      "qdot": 7,
      "ee_err": 7,
      "obstacles": 18
    },
    "joint_names": [
      "panda_joint1",
      "panda_joint2",
      "panda_joint3",
      "panda_joint4",
      "panda_joint5",
      "panda_joint6",
      "panda_joint7"
    ],
    "base_link": "panda_link0",
    "eef_link": "panda_link8"
  }
}